{"cameraMode":{"drawMode":0,"name":"Shaded","section":"Shading Mode"},"sceneLighting":false,"audioPlay":false,"sceneViewState":{"showFog":true,"showMaterialUpdate":false,"showSkybox":true,"showFlares":true,"showImageEffects":true,"showParticleSystems":true},"in2DMode":false,"pivot":{"x":-0.061075687408447269,"y":2.1456007957458498,"z":-0.4027630090713501},"rotation":{"x":-0.19525514543056489,"y":0.6495802402496338,"z":-0.1779111921787262,"w":-0.7129295468330383},"size":3.8631629943847658,"orthographic":false}