{"cameraMode":{"drawMode":0,"name":"Shaded","section":"Shading Mode"},"sceneLighting":true,"audioPlay":false,"sceneViewState":{"showFog":true,"showMaterialUpdate":false,"showSkybox":true,"showFlares":true,"showImageEffects":true,"showParticleSystems":true},"in2DMode":false,"pivot":{"x":0.5809983015060425,"y":0.8871785402297974,"z":0.16704928874969483},"rotation":{"x":-0.08793288469314575,"y":0.2819841504096985,"z":-0.025962255895137788,"w":-0.9550281763076782},"size":1.8212521076202393,"orthographic":false}