{"cameraMode":{"drawMode":0,"name":"Shaded","section":"Shading Mode"},"sceneLighting":false,"audioPlay":false,"sceneViewState":{"showFog":true,"showMaterialUpdate":false,"showSkybox":true,"showFlares":true,"showImageEffects":true,"showParticleSystems":true},"in2DMode":false,"pivot":{"x":0.5267258882522583,"y":0.91566002368927,"z":1.8456816673278809},"rotation":{"x":-0.09105537831783295,"y":0.08295290172100067,"z":-0.007611458655446768,"w":-0.9923557043075562},"size":4.545234203338623,"orthographic":false}